{"light": {"ambient": [0.40196079015731812, 0.40195676684379578, 0.40195676684379578], "diffuse": [0.40196079015731812, 0.40195676684379578, 0.40195676684379578], "direction": [-0.043000001460313797, 1, 0.33300000429153442], "point": [1, 1, 1], "specular": [0.94117647409439087, 0.92733561992645264, 0.92733561992645264]}, "material": {"kAmbient": [0.17041520774364471, 0.54479479789733887, 0.96568626165390015], "kDiffuse": [0.17041520774364471, 0.54479479789733887, 0.96568626165390015], "kSpecular": [0.19599999487400055, 0.53299999237060547, 0.99199998378753662], "shininess": 300}}